<?xml version="1.0" encoding="UTF-8"?>
<restaurante>
        
    <plato calorias="300">
                
        <nombre>Arroz</nombre>
                
        <precio>6.70</precio>
            
    </plato>
        
    <plato calorias="350">
                
        <nombre>Macarrones</nombre>
                
        <precio>7.50</precio>
            
    </plato>
        
    <plato calorias="400">
                
        <nombre>Papa aliñá</nombre>
                
        <precio>4.00</precio>
            
    </plato>
        
    <plato calorias="600">
                
        <nombre>Ensaladilla de Pulpo</nombre>
                
        <precio>9.25</precio>
            
    </plato>
    
    <plato calorias="2000">
        <nombre>Hamburguesa</nombre>
        <precio>8.00</precio>
        <Disponible>Si</Disponible>
    </plato>
</restaurante>
